Year,Value
2008,1.0028504892907537
2009,0.9572684671944258
2010,0.8158133174385706
2011,0.9307081464378408
2012,0.8696330572326862
2013,0.6458088704625025
2014,0.7554559399519035
2015,0.7018887442141406
2016,0.6900433027306491
2008,1.0028504892907537
2009,0.9572684671944258
2010,0.8158133174385706
2011,0.9307081464378408
2012,0.8696330572326862
2013,0.6458088704625025
2014,0.7554559399519035
2015,0.7018887442141406
2016,0.6900433027306491
